date,EUR,USD,JPY,GBP,SGD,AUD,CNY,CAD,MYR,RUB
2022-05-18,15436.570479,14740.38115,115.232301,18197.102797,10593.616074,10257.103696,2182.247146,11439.776759,3353.440065,229.418597
2022-05-19,15479.434139,14633.01868,114.466537,18234.745639,10595.805043,10303.418987,2179.731735,11413.855012,3323.714497,235.535785
2022-05-20,15497.85256,14672.74689,114.686252,18323.526263,10635.353858,10324.050386,2192.229708,11427.639968,3343.0348,236.653086
2022-05-21,15497.980058,14672.8676,114.688325,18323.905838,10635.441353,10324.207964,2192.241192,11427.733981,3343.047069,236.655987
2022-05-22,15486.158284,14652.22866,114.551447,18319.865791,10624.948268,10347.838344,2189.141219,11433.922495,3338.337114,234.429957
2022-05-23,15622.920294,14626.02175,114.420746,18382.250899,10642.292426,10367.697398,2199.110757,11437.480841,3331.986602,249.69116
2022-05-24,15711.340858,14636.05669,115.44517,18354.723715,10673.203108,10395.664955,2199.531525,11413.642892,3329.683502,256.205003
2022-05-25,15626.471116,14623.25167,115.000778,18402.360402,10636.561903,10366.615627,2184.893472,11405.613925,3327.171548,242.301901
2022-05-26,15680.722951,14610.51361,114.999343,18433.188173,10644.640062,10371.039914,2168.040791,11437.87566,3322.028437,227.398371
2022-05-27,15608.292003,14539.59225,114.397496,18362.012364,10577.941572,10411.675331,2170.496578,11428.071282,3320.201102,221.131321
2022-05-28,15608.695151,14539.65562,114.398084,18361.860502,10577.910719,10411.646153,2170.502798,11428.300743,3320.238318,221.130637
2022-05-29,15642.851624,14577.417,114.516547,18406.526762,10652.658156,10438.686555,2176.13338,11456.000534,3328.891817,219.205982
2022-05-30,15662.922919,14538.95157,113.773837,18386.513355,10635.740986,10460.730987,2182.563687,11487.884362,3329.749488,224.969441
2022-05-31,15612.976719,14546.14202,112.988291,18339.942532,10618.164446,10447.262896,2179.919047,11507.932706,3322.083675,231.80678
2022-06-01,15505.152359,14555.77188,111.856746,18169.051065,10584.938174,10440.906299,2176.964418,11491.096455,3320.892767,229.218329
2022-06-02,15518.769079,14435.40381,111.106266,18157.512245,10532.716402,10489.930973,2167.334862,11483.190392,3277.377039,227.32633
2022-06-03,15472.309472,14433.80806,110.324691,18025.136196,10498.460239,10402.294719,2167.092022,11462.408027,3287.082205,227.800238
2022-06-04,15472.392831,14433.7311,110.309972,18025.265189,10504.898908,10402.089321,2167.083721,11461.800777,3287.034736,227.80021
2022-06-05,15485.730008,14438.27523,110.458521,18035.444669,10499.571117,10402.065698,2167.769233,11471.877219,3288.107024,228.268795
2022-06-06,15435.610838,14438.00731,109.229017,18079.826828,10484.737163,10378.17071,2169.827023,11474.581811,3287.619246,235.237499
2022-06-07,15474.585787,14465.79754,108.886234,18207.422958,10524.25395,10444.694575,2168.50239,11538.115989,3290.987205,231.448058
2022-06-08,15554.392331,14513.64794,107.950822,18199.159789,10545.180255,10429.543141,2171.453527,11560.330346,3303.000387,241.887722
2022-06-09,15516.311183,14612.17573,108.703153,18253.583003,10568.621243,10371.336312,2183.372342,11502.661301,3325.794107,251.930285
2022-06-10,15371.927312,14615.16733,108.743481,17998.309582,10529.887051,10332.902533,2178.435499,11449.765234,3320.059456,253.621282
2022-06-11,15371.936652,14615.32993,108.730388,18000.504877,10530.383545,10306.566669,2178.453241,11437.527335,3320.073767,253.625908
2022-06-12,15265.548256,14553.41043,107.947562,17862.643825,10460.371619,10213.206286,2169.233677,11371.273308,3306.015409,130.818595
2022-06-13,15431.775315,14817.43634,110.386017,17994.117917,10629.97162,10285.029528,2193.651572,11494.582446,3353.430923,256.57192
2022-06-14,15413.328862,14764.58185,109.123814,17734.381351,10601.941542,10169.63546,2190.24307,11405.096597,3338.446894,252.920867
2022-06-15,15385.289287,14714.79838,109.711648,17913.200292,10615.129295,10324.435449,2191.858119,11429.59103,3334.012693,257.020851
2022-06-16,15618.483099,14809.28949,111.829193,18295.044276,10704.762431,10425.993361,2208.828503,11431.684104,3363.790497,258.110154
2022-06-17,15573.825173,14839.20784,109.952571,18141.284432,10668.397743,10266.861203,2209.277352,11383.951025,3370.930722,258.067974
2022-06-18,15573.666562,14839.05671,109.922025,18141.321454,10670.743987,10284.759506,2209.241695,11383.835085,3370.888733,258.066153
2022-06-19,15550.871497,14823.24622,109.572971,18124.651489,10675.726482,10302.792835,2206.887826,11401.356957,3367.312469,261.194798
2022-06-20,15597.479451,14828.05579,109.761447,18165.403771,10682.036834,10333.644004,2215.576483,11421.483979,3368.764705,270.827617
2022-06-21,15623.202521,14833.91833,108.85275,18195.098961,10705.61794,10326.431138,2217.456373,11469.288002,3372.824518,275.333521
2022-06-22,15681.537723,14846.80947,109.143946,18187.487101,10702.254422,10251.268372,2215.214328,11451.895152,3370.383618,269.934678
2022-06-23,15620.42406,14849.08752,110.120891,18204.996592,10688.640926,10250.29339,2216.814417,11433.016515,3370.342234,272.454472
2022-06-24,15655.059043,14829.72433,109.676399,18187.72377,10670.324958,10305.433093,2216.723393,11503.133231,3368.814675,273.604789
2022-06-25,15655.269511,14829.76715,109.676602,18187.776286,10670.432544,10305.534465,2216.739735,11502.987993,3368.793792,273.607195
2022-06-26,15688.027354,14848.40413,109.932748,18236.353971,10716.072321,10308.957697,2219.505667,11512.264888,3373.035111,278.051932
2022-06-27,15675.246778,14815.30274,109.385132,18173.379873,10693.417883,10255.288644,2213.925665,11509.981386,3364.017834,278.871405
2022-06-28,15638.640514,14861.40008,109.23252,18114.380537,10710.533011,10260.563436,2215.312251,11543.821282,3379.826221,276.487975
2022-06-29,15544.572955,14880.81969,108.943248,18049.609056,10683.950324,10236.865607,2220.699674,11549.844528,3382.05828,283.438084
2022-06-30,15641.622436,14929.30295,109.941389,18153.997532,10738.49708,10297.136221,2228.490325,11595.935369,3387.188196,272.054092
2022-07-01,15617.247291,14975.5346,110.742796,18127.553624,10725.846828,10205.628126,2234.757498,11616.145361,3398.062799,262.725312
2022-07-02,15617.012733,14975.46585,110.743369,18127.470404,10725.720768,10205.581274,2234.773918,11616.182138,3398.06262,262.723461
2022-07-03,15585.861476,14938.42479,110.611033,18078.037576,10702.103959,10181.032107,2229.083322,11590.147173,3389.634609,134.27969
2022-07-04,15667.008836,15017.29798,110.546161,18191.319387,10759.689031,10321.876404,2241.310818,11679.160365,3402.914067,263.458318
2022-07-05,15430.344165,15043.65974,110.990423,17970.303342,10705.631002,10218.836219,2238.619855,11540.265837,3403.85867,236.905229
2022-07-06,15292.45172,15015.19957,110.428956,17900.596762,10687.507257,10185.32056,2238.341781,11517.549989,3393.618222,236.267064
2022-07-07,15216.471443,14964.94317,110.102603,17998.60866,10686.726107,10246.241549,2232.853762,11539.188799,3379.525209,237.253925
2022-07-08,15255.474133,14977.36684,110.032333,18016.584475,10700.870824,10295.562671,2236.983759,11564.998409,3383.148336,230.41681
2022-07-09,15255.312843,14977.20849,110.052442,18016.610718,10702.59289,10269.686771,2236.976814,11549.18068,3383.066716,230.413381
2022-07-10,15225.235209,14977.36838,109.880058,17996.453403,10706.226414,10252.362209,2236.943896,11565.71405,3383.1334,230.770154
2022-07-11,15081.439045,15010.85791,109.253759,17862.838744,10683.428402,10121.544583,2234.280615,11550.723252,3390.705775,240.168424
2022-07-12,15062.03182,15014.73704,109.81288,17832.652842,10666.527219,10130.171126,2232.684613,11521.172042,3383.922994,256.988701
2022-07-13,15079.19934,15030.79511,109.209627,17830.759232,10682.10867,10118.749401,2237.104972,11560.549393,3387.519153,257.043396
2022-07-14,15083.535799,15045.82696,108.263704,17812.247049,10723.045591,10162.665964,2226.913154,11475.815512,3385.558212,258.181022
2022-07-15,15126.931873,14996.68899,108.253362,17778.278434,10715.135248,10178.494872,2219.236294,11503.968971,3370.731765,263.091914
2022-07-16,15126.689604,14996.75134,108.253664,17777.509353,10715.179797,10188.633368,2219.242237,11503.928553,3370.753356,263.097162
2022-07-17,15136.766277,14993.4211,108.388342,17823.000689,10725.75174,10214.685011,2218.729723,11524.270078,3370.004832,134.773378
2022-07-18,15198.365448,14981.78874,108.380092,17899.175326,10720.958288,10202.10333,2221.693289,11540.254148,3364.342839,259.418624
2022-07-19,15306.521607,14961.20648,108.260081,17957.18287,10751.082552,10317.148449,2218.15097,11623.153132,3362.015986,264.79674
2022-07-20,15306.25419,15032.27224,108.614315,17994.747525,10790.751534,10352.590677,2225.025494,11665.765602,3376.437743,273.305643
2022-07-21,15347.645392,15016.381814,109.524797,18012.4676,10803.774184,10395.33372,2219.165681,11658.01174,3369.087882,258.896783
2022-07-22,15299.421519,14978.31726,109.915114,17980.46087,10791.434802,10380.236014,2218.533719,11597.810617,3364.333132,257.685295
2022-07-23,15299.358351,14978.347214,109.987886,17980.453659,10793.517132,10373.75774,2218.543742,11595.221138,3364.339861,257.686781
2022-07-24,15318.123408,15018.225188,110.148313,18003.146953,10808.241998,10368.974177,2224.365664,11619.013171,3373.272748,258.371622
2022-07-25,15324.032003,14989.447088,109.862308,18068.65267,10814.023028,10418.787517,2220.288122,11663.496181,3365.728544,256.227167
2022-07-26,15184.152952,14990.858685,109.441955,18042.884825,10788.477131,10414.064702,2216.455729,11643.602432,3364.130612,249.324719
2022-07-27,15230.725664,14920.978396,109.614391,18148.023669,10794.999896,10436.702887,2207.688169,11640.644715,3346.54633,251.297845
2022-07-28,15134.678298,14849.949595,110.48979,18076.05553,10763.804786,10393.178129,2200.810908,11592.765149,3335.140438,237.596411
2022-07-29,15149.35796,14815.693351,111.189057,18037.716544,10730.760933,10352.089676,2196.759557,11566.781159,3328.927181,238.000537
2022-07-30,15149.256265,14815.624194,111.18909,18037.478626,10730.780793,10351.976256,2196.741811,11566.754258,3328.945301,237.996325
2022-07-31,15139.568265,14833.203962,111.182276,18046.90691,10733.011216,10339.84026,2199.365682,11573.485482,3332.866869,238.279367
2022-08-01,15232.407092,14845.290698,112.825113,18190.439819,10783.086392,10426.579354,2193.129721,11558.179206,3334.052916,229.707869
2022-08-02,15126.793707,14895.626046,111.675746,18086.039604,10760.900631,10263.212286,2205.819572,11557.10268,3344.248224,244.888934
2022-08-03,15140.785846,14906.754719,111.268879,18093.02729,10795.088881,10339.857013,2205.737041,11596.472162,3344.533127,237.668637
2022-08-04,15258.691614,14890.453609,112.272029,18103.102611,10825.838438,10362.274404,2206.170601,11569.049043,3340.112113,242.118622
2022-08-05,15215.370373,14946.271333,110.774447,18043.512413,10817.391854,10327.645147,2210.237822,11558.543224,3354.148756,246.937298
2022-08-06,15215.414058,14946.420753,110.720808,18043.779928,10816.411849,10327.869713,2210.264494,11558.533635,3354.158953,246.941056
2022-08-07,15146.731111,14893.189979,110.26682,17959.333029,10774.864405,10279.240023,2202.477779,11504.583837,3342.178818,246.061931
2022-08-08,15124.003095,14831.671239,109.989531,17922.300223,10760.469228,10363.275543,2196.966637,11533.297956,3326.172941,239.700318
2022-08-09,15168.521712,14860.20634,109.919848,17938.248305,10777.520073,10335.234132,2200.585522,11531.133504,3335.583139,245.719892
2022-08-10,15208.35649,14766.873109,111.164804,18033.474761,10783.966177,10449.097175,2196.172543,11557.567708,3313.115335,240.107167
2022-08-11,15196.362641,14732.508868,110.770221,17966.539961,10752.588698,10463.682268,2184.287295,11541.737757,3314.339053,243.005822
2022-08-12,15047.817369,14661.810758,109.876839,17801.777236,10693.457855,10448.719768,2174.382114,11475.320743,3298.799385,235.526564
2022-08-13,15047.786627,14661.735661,109.876635,17801.5996,10693.504473,10448.673696,2174.346792,11475.396689,3298.814404,235.525323
2022-08-14,15041.91605,14668.350065,110.045037,17788.70183,10698.016571,10438.234612,2175.386429,11477.178084,3300.402115,235.632534
2022-08-15,15015.057614,14776.603484,110.976458,17814.641122,10721.396194,10372.44331,2181.479629,11450.76356,3313.467427,238.327821
2022-08-16,15000.744945,14749.962491,109.83626,17843.488007,10698.355996,10353.13946,2172.784776,11481.983353,3302.633872,239.830253
2022-08-17,15034.581686,14770.9954,109.452963,17790.314146,10688.740818,10236.508678,2178.251134,11433.703233,3305.873248,244.143394
2022-08-18,14982.99367,14850.334244,109.356411,17719.407557,10717.61998,10262.942588,2188.286586,11469.264025,3318.808582,247.498472
2022-08-19,14937.831304,14875.824366,108.690899,17595.634355,10692.416436,10223.435397,2182.082591,11452.068237,3322.997659,250.011178
2022-08-20,14937.732214,14875.680874,108.658537,17596.692652,10692.390151,10225.325528,2182.053861,11449.20777,3322.970802,250.007397
2022-08-21,14889.897432,14838.363497,108.294815,17531.479207,10654.630893,10203.735156,2176.734145,11412.984468,3314.683612,249.38157
2022-08-22,14845.705708,14936.93257,108.590854,17574.267788,10688.010277,10274.230096,2180.871779,11446.653366,3330.366284,248.424014
2022-08-23,14810.942706,14860.81115,108.681059,17580.142798,10669.638458,10284.867778,2174.146529,11466.117889,3307.648408,246.646675
2022-08-24,14801.989141,14850.258428,108.32567,17509.536846,10652.089048,10255.505023,2164.829814,11448.6212,3308.04894,248.222929
2022-08-25,14733.678547,14776.892426,108.199088,17470.26584,10636.221883,10289.827798,2157.405842,11420.772731,3304.268238,244.747901
2022-08-26,14801.538344,14852.884881,107.888839,17425.212119,10655.058291,10259.217606,2161.388864,11393.481955,3324.578047,246.313995
2022-08-27,14801.568998,14852.81203,107.968246,17450.820362,10661.438189,10234.890738,2161.376061,11393.461031,3324.557275,246.308502
2022-08-28,14726.836639,14818.408109,107.253026,17327.641152,10604.521295,10174.92039,2156.363339,11344.565897,3316.898101,245.739251
2022-08-29,14920.997816,14902.689752,107.524087,17473.228871,10678.828602,10293.306105,2157.28546,11460.883338,3324.970293,241.33413
2022-08-30,14896.261338,14859.705913,107.106699,17324.981477,10628.340403,10189.535916,2149.842023,11351.692408,3320.152094,247.658236
2022-08-31,14916.88547,14859.813466,106.675059,17233.924427,10623.630272,10146.25087,2156.56127,11306.910744,3319.851232,247.143633
2022-09-01,14830.722079,14902.473112,106.380938,17209.35238,10632.146069,10126.398001,2157.567986,11334.627177,3325.613488,247.504117
2022-09-02,14829.334222,14892.62582,106.213299,17140.933504,10618.749176,10143.078566,2158.310279,11339.133992,3328.634986,247.071411
2022-09-03,14829.109049,14892.562807,106.212653,17140.900435,10618.66639,10143.222175,2158.306151,11339.042847,3328.649918,247.070882
2022-09-04,14761.36209,14897.181383,106.035134,17093.038585,10615.026584,10114.966725,2158.988327,11334.076439,3322.217347,247.416613
2022-09-05,14818.94992,14892.570463,106.03901,17221.22443,10620.511995,10144.574722,2147.674893,11340.827443,3315.035993,244.095882
2022-09-06,14760.708121,14913.850468,104.178336,17167.397581,10599.487908,10036.515454,2144.584226,11336.512059,3314.152905,243.389038
2022-09-07,14901.425531,14908.667624,103.43602,17173.450794,10609.656165,10064.92329,2140.086355,11353.906957,3311.856021,231.857726
2022-09-08,14909.952957,14894.700075,103.534811,17158.40897,10609.017651,10076.875406,2140.729009,11385.748895,3312.464809,242.18552
2022-09-09,15061.723635,14836.731607,104.1116,17211.706082,10591.469424,10161.560299,2142.001149,11381.186993,3298.426546,244.080988
2022-09-10,15063.890509,14836.109421,104.106276,17211.024233,10599.340883,10161.203762,2141.845149,11364.503593,3298.314622,241.233182
2022-09-11,14935.399485,14830.418562,103.998322,17230.607762,10604.214797,10151.236535,2141.062214,11385.558454,3297.069973,238.350775
2022-09-12,15052.793324,14861.080948,104.221629,17371.060175,10646.884399,10244.527882,2145.496366,11447.706772,3299.829902,247.392619
2022-09-13,14938.364969,14967.808486,103.648129,17221.024561,10644.630279,10092.224536,2161.355214,11370.051356,3323.521585,234.785864
2022-09-14,14896.467705,14922.75997,104.408113,17226.652472,10617.365267,10075.042463,2143.435065,11338.216757,3296.341753,249.854627
2022-09-15,14925.286354,14943.525054,104.229994,17113.166533,10600.184327,9992.507423,2136.420909,11278.378964,3295.113678,250.617933
2022-09-16,15022.193953,14999.51044,104.943463,17121.008894,10663.573494,10067.792309,2147.712832,11305.10415,3307.048154,247.921887
2022-09-17,15022.353602,14999.594736,104.922817,17303.783905,10664.983025,10152.95827,2147.712293,11307.43464,3307.090801,247.921957
2022-09-18,14986.085018,14953.400367,104.737055,17095.070842,10634.391245,10055.93755,2142.285981,11277.899188,3297.249059,232.300478
2022-09-19,15029.728991,14986.293074,104.630883,17147.906756,10647.349209,10090.522779,2138.817025,11315.251941,3293.650248,249.453743
2022-09-20,14973.379681,15017.985379,104.57799,17090.168283,10649.157759,10052.919037,2139.790885,11236.07862,3294.808024,233.19193
2022-09-21,14803.532841,15059.337889,104.345578,16949.570996,10613.247049,9954.013798,2136.343567,11171.781398,3424.065483,244.462834
2022-09-22,14786.253276,15026.943907,105.602893,16925.76033,10597.033995,9985.250923,2122.995746,11154.278723,3288.979744,244.334338
2022-09-23,14643.068109,15112.422371,105.427311,16409.512268,10565.504627,9865.490725,2119.975649,11121.831409,3300.673848,261.115335
2022-09-24,14643.007659,15112.359984,105.400978,16409.26635,10568.519949,9865.147317,2119.981469,11109.505255,3300.669594,261.115426
2022-09-25,14569.479321,15038.237749,104.7844,16235.053417,10514.823688,9820.293526,2109.568709,11072.394074,3284.480659,262.673077
2022-09-26,14655.994407,15231.681867,105.434177,16406.431588,10604.399238,9860.716967,2130.563208,11108.715453,3326.745779,260.362846
2022-09-27,14558.630406,15172.04374,104.854144,16273.534174,10545.068179,9764.577148,2113.661461,11054.884253,3290.36706,257.584598
2022-09-28,14731.941417,15175.593833,105.092193,16442.29153,10563.975041,9871.049675,2107.516761,11134.773423,3277.944999,259.626441
2022-09-29,14928.370045,15187.959472,105.160474,16965.427289,10611.830442,9888.734815,2131.617406,11105.946591,3278.16247,264.131508
2022-09-30,15004.884991,15304.022378,105.732258,17063.775408,10687.121687,9800.520494,2150.597291,11063.367308,3300.352652,254.212411
2022-10-01,15005.184012,15304.102283,105.73398,17063.712295,10687.08793,9800.502627,2150.616378,11063.529045,3300.394083,254.21406
2022-10-02,14911.653643,15228.272785,105.151372,16962.464242,10604.380938,9774.677303,2139.942057,11044.311922,3283.982351,252.746029
2022-10-03,15042.155335,15299.827456,105.86345,17339.528174,10693.848072,9947.277182,2150.002362,11225.704847,3291.620527,263.670786
2022-10-04,15161.165433,15185.817488,105.610027,17388.227811,10672.156825,9891.745438,2134.003646,11243.373532,3272.729318,257.273092
2022-10-05,15070.883774,15207.199918,105.272965,17266.801236,10689.865757,9903.273838,2136.984711,11182.101753,3284.101594,247.97372
2022-10-06,14909.647871,15231.726084,105.00026,16996.185033,10654.104747,9769.475538,2140.455002,11083.471043,3284.371502,251.655594
2022-10-07,14893.325013,15291.051257,105.167358,16963.857217,10669.271997,9757.683572,2148.772109,11127.368138,3297.22831,245.238066
2022-10-08,14893.396409,15291.064987,105.189568,16951.949158,10671.284511,9738.694435,2148.786721,11130.407398,3297.178658,245.239238
2022-10-09,14848.3303,15253.437296,104.841954,16888.048387,10630.854658,11225.634673,2143.510813,11107.044354,3280.249134,236.960156
2022-10-10,14904.457248,15350.189946,105.369349,17000.947994,10680.592279,9661.839759,2145.449313,11141.321704,3301.062874,247.577024
2022-10-11,14893.296506,15354.378073,105.257391,16838.765794,10672.590228,9620.893299,2142.803145,11132.330433,3285.698527,239.307263
2022-10-12,14870.793217,15319.058408,104.394691,17010.8372,10676.685904,9615.511808,2134.982743,11087.349662,3271.461134,240.39024
2022-10-13,14986.835642,15372.327028,104.360222,17375.27978,10741.248485,9682.837157,2143.744258,11170.896863,3276.56177,240.188527
2022-10-14,15044.307639,15472.543856,103.990739,17284.861594,10834.955408,9590.611954,2151.60193,11146.386165,3290.568055,246.963382
2022-10-15,15044.379526,15472.632834,103.990729,17284.999613,10835.040478,9590.815728,2151.617295,11146.490414,3290.609372,246.962039
2022-10-16,15024.459136,15427.189763,103.788885,17344.91269,10822.262821,9598.685533,2145.283981,11134.046266,3280.89323,246.23812
2022-10-17,15201.262595,15441.852978,103.652394,17530.846134,10863.619528,9723.256055,2145.721914,11259.902624,3273.624342,248.857961
2022-10-18,15261.503075,15474.736796,103.699231,17554.745983,10897.701969,9773.729912,2148.582945,11273.063219,3280.202712,248.38725
2022-10-19,15263.096841,15628.907483,104.311702,17519.900414,10960.839424,9789.040195,2161.971253,11347.002587,3311.148181,256.206772
2022-10-20,15217.473449,15562.499224,103.62388,17462.056673,10921.504276,9764.172387,2156.384731,11295.048993,3290.82783,252.428876
2022-10-21,15321.897018,15537.614006,105.213291,17564.227237,10978.783815,9859.980738,2144.921795,11397.905959,3279.31427,252.025169
2022-10-22,15321.930591,15537.525476,105.197242,17563.988176,10977.930052,9909.603818,2144.902171,11377.909629,3279.278283,252.024419
2022-10-23,15413.166911,15633.251521,105.689968,17732.555578,11033.419099,9960.320882,2158.125762,11455.163806,3299.485957,253.574659
2022-10-24,15420.261832,15598.257914,104.759565,17636.788473,10975.51407,9872.590068,2147.578516,11388.84011,3292.11773,254.660849
2022-10-25,15500.112143,15557.338557,105.126085,17830.883143,10980.105781,9933.853581,2129.685038,11424.367849,3285.533988,249.91279
2022-10-26,15644.756103,15503.030257,106.083537,18041.42229,11045.954485,10066.543245,2161.268885,11438.877244,3289.030672,253.000778
2022-10-27,15527.341821,15578.426776,106.478901,18018.199034,11049.979448,10048.769692,2154.979235,11483.950536,3303.938484,254.025848
2022-10-28,15502.48251,15557.671348,105.505515,18067.479068,10986.272411,9979.90336,2145.098082,11401.34517,3294.285412,252.861133
2022-10-29,15502.335636,15557.740984,105.506888,18067.559938,10986.251763,9980.069668,2145.11005,11401.295938,3294.30783,252.862342
2022-10-30,15485.965575,15557.727539,105.281483,18039.618213,11018.759089,9956.435855,2145.093704,11431.159116,3294.326608,252.863254
2022-10-31,15474.714986,15652.457562,105.242161,17949.880749,11060.799095,10031.054577,2143.260356,11497.003582,3314.361693,252.250528
2022-11-01,15483.828472,15674.202143,105.984031,18008.706826,11079.586329,10024.662977,2153.712426,11507.126444,3309.184133,253.829858
2022-11-02,15417.81165,15706.941872,106.208283,17880.94264,11072.361411,9957.55763,2154.638199,11453.083435,3315.066009,254.562188
2022-11-03,15394.536297,15790.206669,106.416323,17639.653813,11105.278398,9929.554955,2162.481245,11489.535614,3328.059935,253.244899
2022-11-04,15588.64488,15614.724683,106.506551,17769.245727,11131.747379,10091.79702,2173.146489,11582.21454,3288.627988,251.847794
2022-11-05,15589.136726,15615.06146,106.497969,17765.706871,11131.193924,10098.051572,2173.230562,11584.174263,3288.669134,251.852913
2022-11-06,15505.461549,15614.961118,106.356676,17693.425506,11087.446635,10056.64395,2173.20722,11555.441926,3288.694407,251.849695
2022-11-07,15713.796303,15685.338618,106.972655,18064.964076,11192.061634,10155.083335,2169.497158,11623.573757,3303.531347,248.179565
2022-11-08,15781.24955,15657.319397,107.723914,18085.203744,11198.78995,10189.892055,2159.810792,11666.17073,3305.578622,256.777224
2022-11-09,15704.149433,15674.468591,107.200416,17817.44383,11180.643664,10081.716832,2164.359447,11587.199751,3340.600551,254.242025
2022-11-10,15824.850911,15523.672348,109.565978,18163.862404,11220.247429,10257.874524,2159.932182,11646.556862,3302.512006,255.528767
2022-11-11,16049.408293,15474.213549,111.482633,18277.767139,11272.583501,10372.311892,2176.89122,11661.181964,3291.953005,255.556262
2022-11-12,16051.11253,15474.251597,111.472049,18317.362737,11273.489951,10372.101015,2176.912191,12314.949757,3343.889138,255.557853
2022-11-13,15981.919327,15474.317587,110.878017,18256.799954,11257.651603,10365.301794,2176.926987,11664.846886,3343.894727,255.559234
2022-11-14,16049.276066,15553.48183,110.998332,18275.552233,11328.389165,10407.704548,2198.647015,11671.740921,3383.853912,261.091164
2022-11-15,16128.561523,15570.932637,112.114072,18504.573739,11360.469857,10542.44834,2210.303633,11732.09673,3410.896304,253.591494
2022-11-16,16282.728898,15665.41808,112.44603,18665.150396,11434.085936,10557.456627,2210.015424,11747.145838,3446.665367,257.756907
2022-11-17,16302.528544,15734.222399,112.050873,18659.422791,11441.639591,10524.162222,2198.317823,11809.659855,3455.130579,260.494298
2022-11-18,16181.707168,15641.529419,111.448291,18605.09832,11366.382791,10440.326034,2196.883514,11664.356956,3434.80297,257.046209
2022-11-19,16182.007411,15641.852004,111.451687,18595.418037,11366.47679,10440.583164,2196.881613,11664.510532,3434.817992,257.052423
2022-11-20,16158.555186,15641.772274,111.512608,18589.974999,11375.007108,10451.014598,2196.849125,11692.08181,3434.838952,257.047171
2022-11-21,16123.866526,15741.053687,110.738574,18614.059281,11389.830797,10400.857972,2196.797508,11704.786734,3437.611567,259.490107
2022-11-22,16167.061822,15681.807461,111.087369,18647.063499,11381.542153,10424.88992,2196.185472,11733.38321,3431.415907,258.491965
2022-11-23,16269.568261,15620.184713,112.147935,18856.644973,11348.365051,10532.963479,2179.365022,11705.230058,3414.565971,256.907819
2022-11-24,16266.284065,15629.247582,112.764898,18929.215595,11362.337586,10572.990008,2185.308175,11717.368842,3476.972255,258.908815
2022-11-25,16344.031765,15693.817149,112.800433,18974.899918,11407.728291,10594.746007,2187.111438,11711.078455,3430.643243,259.395668
2022-11-26,16344.059013,15693.761593,112.801134,18974.993342,11407.654739,10594.722806,2187.401828,11710.268013,3503.005321,259.395204
2022-11-27,16269.169627,15693.68029,112.619533,18918.442289,11381.832422,10531.907949,2187.390496,11703.160149,3502.977009,259.393496
2022-11-28,16282.694664,15742.841922,113.456767,18829.258689,11413.571522,10471.213964,2183.863954,11668.529728,3513.959759,254.529293
2022-11-29,16240.295908,15733.84228,113.391588,18790.06517,11435.151546,10508.416555,2197.174322,11577.633824,3489.513342,258.581291
2022-11-30,16300.293695,15637.88236,113.779635,18888.863555,11504.211936,10633.703859,2208.955726,11658.133626,3492.223248,256.246588
2022-12-01,16171.543685,15360.928886,113.640815,18830.736973,11346.343084,10463.669819,2180.453542,11433.882057,3487.1029,250.928934
2022-12-02,16201.765661,15376.447718,114.477591,18912.638256,11370.328505,10449.64068,2188.913527,11394.265773,3504.568323,246.019188
2022-12-03,16202.870453,15376.896726,114.481949,18913.330102,11370.593265,10450.052346,2188.931328,11393.830178,3504.649093,246.023695
2022-12-04,16264.17125,15428.43681,114.746613,18968.324496,11425.179567,10509.676837,2196.628383,11472.133803,3516.016087,254.797769
2022-12-05,16291.089725,15520.684092,113.570264,18921.733179,11440.625324,10407.918851,2229.314872,11420.035018,3552.4211,256.322571
2022-12-06,16354.256717,15625.396558,114.130708,18954.417824,11499.967292,10461.307907,2233.428532,11446.380331,3555.167879,258.051533
2022-12-07,16408.579953,15608.349917,114.441123,19059.978626,11516.604122,10499.254963,2238.14581,11433.147412,3549.331813,245.795007
2022-12-08,16463.962255,15593.282075,114.135626,19077.94505,11523.86103,10566.250865,2237.9729,11466.719374,3545.442615,245.94619
2022-12-09,16457.509441,15603.776139,114.257248,19128.135016,11506.030089,10607.294788,2242.592704,11367.388981,3543.422454,246.110994
2022-12-10,16456.354633,15603.372403,114.24081,19125.436239,11506.725114,10603.819814,2242.554661,11367.177668,3543.338817,249.589181
2022-12-11,16417.245518,15603.42624,114.127797,19095.379125,11525.565803,10580.40887,2242.587216,11425.632347,3543.32288,249.587699
2022-12-12,16525.078443,15676.366939,114.005208,19234.664455,11572.545553,10584.666191,2246.698027,11500.551273,3549.092618,250.181147
2022-12-13,16534.758983,15560.216823,114.763005,19225.785946,11552.820618,10646.518495,2240.682982,11478.362057,3513.251802,246.147277
2022-12-14,16577.147393,15527.01826,114.708475,19282.209224,11521.106491,10649.96338,2233.810862,11459.240121,3535.693282,239.799117
2022-12-15,16631.736997,15633.017822,113.486116,19054.176084,11490.624653,10482.798133,2241.866924,11445.314566,3538.879486,241.80968
2022-12-16,16548.567202,15616.071989,114.231693,18964.13273,11489.984195,10486.180203,2239.40532,11363.324913,3529.447446,240.709913
2022-12-17,16551.951281,15615.97154,114.222639,18964.010745,11491.601343,10439.25822,2239.423993,11362.425012,3529.427136,240.708365
2022-12-18,16527.965883,15615.969254,114.349739,18988.035488,11490.635698,10442.446901,2239.423986,11407.618819,3529.427417,240.708307
2022-12-19,16522.566786,15567.578948,113.631788,18918.614155,11477.400638,10439.617804,2230.435835,11408.564091,3517.693098,223.190731
2022-12-20,16536.690579,15563.522875,118.005014,18970.166384,11518.109441,10410.418011,2235.524217,11441.52058,3510.430764,216.912839
2022-12-21,16484.906565,15539.530143,117.390075,18766.120625,11500.523344,10434.803434,2225.653443,11414.232482,3501.860424,212.143386
2022-12-22,16510.47806,15573.524941,117.660156,18748.442427,11519.705882,10396.870924,2229.72206,11418.980209,3519.436688,228.183098
2022-12-23,16619.14171,15582.123886,117.366038,18781.087788,11530.330986,10471.139671,2229.422025,11421.734317,3521.377563,225.418875
2022-12-24,16623.109292,15582.519273,117.368963,18781.586984,11530.623562,10471.405369,2229.351966,11420.349908,3521.467711,221.814918
2022-12-25,16623.101059,15582.528179,117.315997,18784.699559,11538.374182,10451.030433,2229.351646,11452.124715,3521.468928,221.814912
2022-12-26,16620.549184,15621.022597,117.657244,18874.836846,11595.504176,10535.183724,2243.688008,11521.219633,3530.168216,228.494019
2022-12-27,16614.722474,15620.015654,117.01328,18784.872125,11586.671968,10508.961305,2244.218686,11546.843512,3531.538427,223.142832
2022-12-28,16781.562602,15788.966737,117.779536,18993.651611,11701.277544,10652.767058,2262.448398,11609.901443,3570.138649,217.030101
2022-12-29,16663.086101,15629.174935,117.561091,18840.523289,11631.308204,10573.112525,2244.246168,11531.442314,3533.209043,211.20477
2022-12-30,16663.243063,15534.325009,118.478431,18801.157782,11587.574097,10571.091731,2251.903004,11448.798402,3526.515397,210.634704
2022-12-31,16667.750195,15538.526787,118.510539,18798.484833,11590.708344,10574.001405,2252.642726,11451.05117,3527.470062,210.691529
2023-01-01,16633.227781,15538.528528,118.686975,18801.580412,11604.559611,10596.507955,2252.641999,11481.131204,3527.468055,210.691684
2023-01-02,16607.574788,15554.023459,118.914782,18761.464703,11592.755663,10584.9575,2254.660825,11469.241596,3530.988832,199.410327
2023-01-03,16446.54938,15594.322084,118.81059,18664.300964,11590.697965,10488.72528,2255.108645,11403.34275,3539.333724,213.474387
2023-01-04,16510.356337,15563.520422,117.726883,18766.808136,11602.125498,10628.620184,2259.245595,11544.550641,3532.33968,214.668845
2023-01-05,16443.079988,15627.519664,117.226794,18613.696357,11613.21461,10557.002108,2270.612114,11523.555263,3561.415491,216.597327
2023-01-06,16643.25151,15607.225747,118.160277,18873.787675,11678.541148,10739.318291,2282.255308,11605.170942,3544.27262,215.271782
2023-01-07,16643.343487,15607.328642,118.161025,18873.912106,11678.618142,10739.219131,2282.303061,11604.375949,3544.295182,215.273255
2023-01-08,16631.116581,15607.321675,118.355957,18908.8894,11700.808008,10758.943605,2282.30271,11616.160081,3544.294404,215.273025
2023-01-09,16732.329959,15587.520676,118.329091,18995.68925,11718.909446,10773.656864,2301.585937,11637.932312,3562.448218,222.949282
2023-01-10,16683.36707,15535.91845,117.601715,18882.088964,11663.803842,10708.894819,2291.937761,11564.996088,3553.090915,222.976638
2023-01-11,16611.738431,15432.321614,116.932643,18762.678239,11599.13295,10659.094033,2279.344713,11487.065868,3530.609327,223.158461
2023-01-12,16512.939276,15205.626386,117.782015,18577.974658,11497.446837,10593.80435,2256.426043,11367.995671,3488.324262,224.321017
2023-01-13,16396.111609,15114.771883,118.180942,18486.846661,11460.117494,10553.114338,2254.924079,11279.242808,3486.679227,219.054446
2023-01-14,16396.218636,15114.870546,118.190968,18486.967336,11461.930403,10545.636201,2254.971766,11278.474789,3486.701987,229.012753
2023-01-15,16360.714417,15114.878736,118.056186,18478.840837,11450.64836,10539.567966,2254.973661,11282.142972,3486.701463,229.013012
2023-01-16,16360.551269,15107.022191,117.725453,18440.829026,11443.474071,10523.603495,2243.525972,11274.469295,3500.23035,219.738217
2023-01-17,16375.24447,15179.867999,118.333184,18643.768283,11495.310584,10605.55448,2240.931787,11332.894347,3508.575166,221.603679
2023-01-18,16335.200478,15129.02561,117.659851,18683.552858,11460.20229,10506.56693,2241.964878,11211.36119,3507.360044,220.058263
2023-01-19,16410.787175,15146.024218,117.970566,18771.773497,11462.09532,10470.431908,2234.945457,11250.879669,3515.377307,218.24216
2023-01-20,16383.738061,15063.225157,116.268786,18661.798405,11414.111032,10487.001727,2220.465859,11247.491254,3514.923362,217.915581
2023-01-21,16384.71013,15063.316027,116.269468,18661.910984,11414.179888,10486.845962,2220.545374,11246.719329,3514.942926,220.707568
2023-01-22,16365.67173,15063.324305,116.44704,18686.646345,11402.737647,10517.75181,2220.547249,11265.103241,3514.947318,220.707816
2023-01-23,16336.832407,15026.324385,115.093783,18603.451933,11398.284594,10562.437578,2214.79942,11239.113894,3507.129497,217.835728
2023-01-24,16283.304215,14955.579873,114.829024,18438.024962,11331.298153,10538.243337,2204.37206,11181.349046,3490.619426,215.34271
2023-01-25,16316.758415,14939.819806,115.597272,18542.865448,11387.647992,10619.054115,2202.242896,11164.391145,3486.941853,215.799427
2023-01-26,16292.716136,14955.116727,115.212917,18566.229871,11403.523533,10638.600373,2204.627445,11228.559833,3522.574148,215.181257
2023-01-27,16279.106869,14972.724822,115.276663,18537.712268,11398.220178,10708.55629,2207.223164,11226.018647,3527.968927,211.695602
2023-01-28,16279.215971,14972.825169,115.286266,18537.836508,11399.164348,10636.677301,2207.271797,11225.252254,3527.993403,211.697087
2023-01-29,16277.089666,14972.822748,115.30003,18565.301394,11410.803504,10642.10376,2207.271766,11254.486663,3527.992001,211.696993
2023-01-30,16288.597196,15013.216324,115.02472,18540.397087,11418.613848,10594.578039,2224.571391,11215.17491,3537.510627,214.735039
2023-01-31,16290.887963,14999.378947,115.271921,18463.682829,11412.438206,10576.043808,2220.581729,11274.024209,3516.187073,212.500598
2023-02-01,16395.400296,14888.023588,115.747344,18441.154612,11406.288303,10637.030201,2208.313198,11212.955121,3489.922557,212.88347
2023-02-02,16243.186846,14895.52212,115.691909,18205.278087,11365.370004,10537.579618,2212.475805,11185.032871,3508.123894,198.432029
2023-02-03,16344.633763,15095.119201,115.058523,18186.583842,11404.575696,10451.845175,2228.025371,11257.016807,3545.112926,213.660215
2023-02-04,16344.643431,15095.12813,115.071725,18196.394179,11406.305967,10448.827229,2227.961249,11256.184048,3545.115856,213.660414
2023-02-05,16288.401734,15095.129711,114.34296,18180.857584,11393.608396,10446.398713,2227.961482,11264.711132,3545.11706,213.660346
2023-02-06,16316.527727,15207.020158,114.660275,18287.757498,11453.639565,10474.120999,2237.96778,11311.784531,3565.533122,212.655569
2023-02-07,16259.293277,15154.019039,115.638294,18265.97492,11448.201779,10553.930236,2230.924222,11316.341944,3521.727722,210.078278
2023-02-08,16213.896193,15130.02966,115.163483,18263.145286,11411.122134,10483.203115,2228.539218,11253.87872,3518.605003,206.535996
2023-02-09,16266.581033,15145.016537,115.153524,18349.788801,11426.346385,10509.147727,2233.545013,11260.762799,3510.255064,207.351996
2023-02-10,16249.77349,15187.867042,115.562773,18318.056544,11414.282439,10491.763977,2230.391575,11344.795034,3505.560878,205.786129
2023-02-11,16253.125605,15187.765728,115.57084,18322.486685,11416.780346,10505.366361,2230.408796,11343.87201,3505.538302,207.738285
2023-02-12,16217.986913,15187.77173,115.446534,18305.114409,11425.416389,10499.981493,2230.409677,11370.926833,3505.540497,207.738267
2023-02-13,16329.034803,15218.023604,114.990389,18492.129015,11458.354243,10603.904307,2230.430393,11412.459197,3488.365776,205.373994
2023-02-14,16306.491723,15190.018848,114.228495,18491.106687,11433.643811,10613.469551,2225.020781,11385.898929,3493.157272,206.385803
2023-02-15,16267.849904,15215.027194,113.613536,18316.087303,11393.20931,10509.807428,2220.195615,11362.112217,3463.859521,205.608217
2023-02-16,16155.090352,15147.028869,112.985139,18138.503404,11328.176097,10396.845376,2207.792232,11242.064158,3439.375947,202.730512
2023-02-17,16257.693763,15166.022142,113.090502,18267.429846,11342.457151,10432.689879,2208.307502,11250.324277,3421.931771,204.945893
2023-02-18,16258.562216,15166.019352,113.08203,18265.9304,11343.311899,10434.202449,2208.340538,11254.488211,3421.93037,204.945991
2023-02-19,16204.729963,15166.022977,112.916166,18244.598239,11342.754684,10418.385528,2208.339779,11247.613225,3421.932732,204.945996
2023-02-20,16204.249088,15168.019767,112.9315,18259.411105,11355.841173,10478.053499,2212.659489,11274.597007,3423.541959,200.903298
2023-02-21,16233.144118,15240.016594,112.908051,18453.712103,11370.550153,10457.384212,2217.209894,11259.359956,3438.237809,204.152555
2023-02-22,16123.67083,15203.025349,112.675788,18315.529863,11338.848,10356.277243,2205.79631,11221.998823,3422.942241,202.977406
2023-02-23,16127.903476,15217.515581,113.027751,18286.722514,11332.700014,10361.934022,2202.847259,11236.227896,3432.00235,201.823579
2023-02-24,16157.863933,15265.174266,111.853073,18234.215031,11307.519741,10267.34079,2194.46714,11195.145525,3441.586531,200.817567
2023-02-25,16157.026114,15265.17443,111.844878,18236.50249,11306.682332,10267.3409,2194.499342,11197.617484,3441.586568,200.817582
2023-02-26,16111.326556,15265.175797,111.913389,18243.914439,11309.866622,10281.435166,2194.498277,11227.514557,3441.585324,200.817614
2023-02-27,16143.427625,15216.019995,111.619659,18351.87896,11296.21188,10257.108205,2190.927819,11207.599587,3396.049463,203.831243
2023-02-28,16128.64577,15249.021687,111.834736,18348.528518,11309.00001,10261.052325,2199.354125,11174.285102,3398.105382,203.184589
2023-03-01,16269.240315,15249.028793,111.958758,18339.489532,11363.276761,10307.318793,2219.943406,11220.466251,3332.386102,202.604243
2023-03-02,16247.809915,15329.02876,112.131192,18319.154421,11376.603353,10321.021449,2216.680232,11275.266148,3425.093237,202.965896
2023-03-03,16270.216445,15277.765782,112.464493,18386.765589,11357.236414,10339.973484,2211.79368,11218.374524,3413.25932,202.622625
2023-03-04,16271.102683,15277.768135,112.464532,18386.76842,11357.19595,10341.318883,2211.664985,11218.376252,3413.230106,202.612778
2023-03-05,16234.629121,15277.776315,112.321514,18378.461729,11354.872317,10320.276631,2211.66713,11228.680456,3413.288363,202.608749
2023-03-06,16408.235387,15354.022672,112.902032,18466.095236,11413.899061,10337.849827,2215.458212,11276.853673,3430.325262,203.65122
2023-03-07,16292.346636,15444.020439,112.411155,18266.549383,11402.833456,10172.961484,2218.201326,11229.948554,3448.861812,204.285693
2023-03-08,16311.657193,15462.015593,112.677411,18321.530078,11425.306336,10196.098023,2224.202235,11204.740736,3417.393857,203.313448
2023-03-09,16401.53215,15496.019962,113.607008,18473.681906,11450.187729,10210.313987,2224.934303,11203.208239,3427.559383,204.297956
2023-03-10,16521.958397,15502.570086,114.837991,18655.767992,11493.584741,10196.020585,2244.697504,11186.31,3430.144754,203.445575
2023-03-11,16521.963744,15502.575103,114.820934,18655.774029,11492.736391,10197.579893,2244.729108,11189.54327,3430.145864,203.445515
2023-03-12,16561.851494,15502.572034,114.848192,18723.681931,11504.546536,10284.161989,2244.729964,11261.231785,3430.145944,203.445467
2023-03-13,16531.005548,15416.022286,115.804447,18762.250987,11442.143102,10265.365088,2251.923874,11222.532307,3428.216002,204.050307
2023-03-14,16497.521884,15379.022895,114.428774,18687.199057,11433.010712,10286.614041,2238.083941,11234.239942,3427.457618,203.023043
2023-03-15,16390.974586,15488.028578,116.507656,18691.442813,11462.789726,10249.967293,2242.395528,11250.593712,3454.215466,384.795234
2023-03-16,16376.035275,15429.025531,115.686148,18684.161456,11462.480131,10280.725874,2236.573303,11245.833954,3425.621254,201.686363
2023-03-17,16531.426231,15375.069498,116.614584,18729.870199,11460.24004,10393.525487,2232.442049,11166.017042,3427.72166,199.779726
2023-03-18,16530.288132,15374.027538,116.60666,18721.690451,11460.30907,10294.434452,2232.256725,11164.441411,3427.488601,199.766239
2023-03-19,16416.979654,15374.025354,116.214442,18735.764917,11468.300618,10320.340418,2232.256408,11211.83385,3427.490406,199.766167
2023-03-20,16450.149524,15347.018947,116.795564,18836.083134,11472.673994,10308.273171,2231.090661,11225.547834,3421.088239,198.025747
2023-03-21,16485.127959,15301.017703,115.60925,18704.348781,11444.873564,10217.387303,2222.528212,11160.259939,3421.129256,198.071075
2023-03-22,16585.516821,15258.02864,116.309993,18735.277388,11474.90247,10221.271996,2217.506912,11123.063247,3424.91841,198.34905
2023-03-23,16343.246571,15083.525469,115.314696,18524.644999,11358.059302,10077.033521,2211.68884,10994.408208,3414.100986,198.467158
2023-03-24,16349.78664,15166.078437,115.992732,18543.521217,11378.239688,10088.175249,2208.188051,10987.905424,3425.035656,196.248049
2023-03-25,16351.548652,15166.077726,115.992752,18543.543021,11378.239155,10088.174776,2208.2201,10987.108887,3425.035496,196.24821
2023-03-26,16331.789649,15155.018878,115.801931,18555.022679,11376.770606,10084.031637,2206.608618,11037.710159,3422.538791,196.105012
2023-03-27,16330.559317,15111.515725,115.146102,18582.41319,11356.005285,10063.86398,2194.76231,11066.759131,3418.501291,197.445579
2023-03-28,16328.878295,15066.019177,114.958466,18574.317737,11344.364327,10103.468328,2191.640613,11082.135524,3416.325456,196.786799
2023-03-29,16303.42385,15035.522881,113.402293,18510.931819,11310.670312,10046.910377,2183.139962,11084.367185,3401.696622,194.445587
2023-03-30,16382.796775,15024.023993,112.783036,18610.073495,11313.671488,10090.944623,2186.295857,11111.893118,3397.172056,194.422548
2023-03-31,16272.050275,14968.67532,112.736987,18477.313998,11247.860553,10010.804413,2179.223324,11066.168771,3392.328969,191.905801
2023-04-01,16272.044611,14968.67011,112.736932,18478.813041,11247.856638,10010.800929,2179.223517,11066.164919,3392.32625,191.905833
2023-04-02,16203.089524,14995.019575,112.493983,18427.829335,11243.282401,9991.164594,2182.99447,11108.639743,3397.915066,192.243614
2023-04-03,16280.630302,14922.027984,112.78529,18536.88797,11248.308071,10129.656911,2169.431684,11107.352249,3376.402557,189.726643
2023-04-04,16399.092673,14965.024817,113.812671,18702.750877,11293.096935,10112.958701,2175.208395,11135.138478,3396.505003,188.713858
2023-04-05,16318.476762,14965.528172,114.299872,18650.934099,11265.897545,10052.054014,2175.377683,11122.924733,3402.41245,186.602323
2023-04-06,16315.231888,14941.016221,113.441566,18583.191715,11229.3888,9973.110625,2172.950787,11070.068039,3396.452022,184.002359
2023-04-07,16429.470394,14940.976806,113.056272,18553.673991,11236.343212,9965.620727,2174.590884,11019.622205,3393.357495,184.228799
2023-04-08,16429.469488,14940.975982,113.064866,18558.143788,11235.48918,9968.598951,2174.588548,11020.434402,3393.35885,184.228846
2023-04-09,16273.637841,14913.015255,112.904526,18536.744998,11206.583461,9950.687169,2170.647263,11042.162949,3379.330351,183.884075
2023-04-10,16263.285891,14963.068711,112.104626,18540.884688,11232.674909,9947.506228,2174.198474,11080.332009,3392.5953,183.236019
2023-04-11,16288.386835,14920.015745,111.678324,18546.138125,11197.497336,9927.536872,2166.398662,11082.261748,3376.710532,183.970399
2023-04-12,16319.517526,14840.022706,111.50979,18538.627127,11179.455376,9940.046811,2158.608099,11041.297444,3363.172615,180.865358
2023-04-13,16274.713098,14726.515916,111.153437,18443.833713,11145.289275,9991.557014,2143.968406,11038.721811,3346.549061,180.250903
2023-04-14,16414.111489,14782.565221,110.46171,18365.693695,11113.02285,9913.167687,2151.283688,10936.656983,3358.142906,181.269602
2023-04-15,16414.120617,14782.573442,110.470068,18364.357784,11111.358403,9917.60924,2151.283945,10938.68627,3358.144011,181.269738
2023-04-16,16147.622286,14700.020243,109.722402,18227.360896,11037.493068,9856.107891,2139.301556,10996.811111,3339.391991,180.257405
2023-04-17,16242.229701,14867.016354,110.592826,18397.814532,11144.088441,9961.256773,2160.963846,11099.327452,3362.051746,181.194242
2023-04-18,16354.771363,14901.028446,111.167104,18516.321752,11185.13609,10040.224458,2167.103322,11129.165173,3360.243898,182.163823
2023-04-19,16441.97451,15013.018947,111.449243,18658.729432,11246.659041,10066.447283,2180.189295,11145.911511,3388.937209,183.757596
2023-04-20,16401.95819,14954.026125,111.593317,18605.783192,11225.170434,10085.21644,2175.728884,11092.446131,3369.53564,182.811863
2023-04-21,16575.295115,14936.015003,111.325525,18573.621657,11187.171469,9995.16504,2166.646358,10920.119293,3365.47726,183.376178
2023-04-22,16575.295305,14936.015175,111.325553,18572.905887,11187.171598,9995.165155,2166.64544,10920.119419,3365.478057,183.376284
2023-04-23,16317.496035,14845.02151,110.811651,18478.873506,11130.554967,9935.947873,2153.476973,10964.579923,3345.352437,182.259108
2023-04-24,16535.081892,14953.517844,111.520436,18690.378712,11219.609397,10023.99686,2168.304646,11048.477622,3369.573721,183.489819
2023-04-25,16404.251888,14941.025428,111.774458,18549.081459,11167.954377,9915.824429,2155.150279,10971.116097,3360.172105,184.796843
2023-04-26,16398.471494,14847.028504,111.24566,18515.02075,11122.186126,9812.169065,2143.414697,10890.898671,3331.165624,181.503761
2023-04-27,16209.481958,14693.927814,109.821954,18363.255081,11006.712235,9743.131115,2122.2306,10804.374576,3292.381399,179.52233
2023-04-28,16327.538019,14673.574745,107.649159,18443.198537,10987.310199,9706.330826,2122.847288,10747.108066,3289.664483,182.393384
2023-04-29,16327.528027,14673.565765,107.638817,18451.257845,10988.126246,9696.280669,2122.846296,10747.880805,3289.66247,182.39327
2023-04-30,16152.48258,14670.023881,107.559654,18421.208189,10987.942405,9699.881962,2122.366433,10818.785187,3288.867679,182.349365
2023-05-01,16098.499876,14677.018435,106.712659,18322.202251,10979.160369,9719.609412,2123.377747,10829.294348,3225.003875,181.871063
2023-05-02,16249.379835,14758.028003,108.138259,18411.839051,11062.268055,9845.071505,2135.098005,10834.784896,3306.005414,184.221743
2023-05-03,16256.899212,14687.474419,109.160224,18459.926549,11043.155727,9754.174076,2124.88953,10773.803945,3298.32801,184.747915
2023-05-04,16210.893186,14707.024836,109.604116,18505.663974,11078.71307,9847.519936,2129.38182,10873.537458,3302.346855,187.35036
2023-05-05,16451.581219,14674.826899,108.835288,18547.486421,11066.13737,9921.772174,2123.521209,10889.989328,3307.369198,188.585726
2023-05-06,16451.575726,14674.821999,108.835271,18547.480228,11066.133675,9921.768861,2123.520192,10889.977611,3307.37033,188.585755
2023-05-07,16169.368866,14675.028134,108.540896,18534.669091,11066.497748,9901.723898,2123.581672,10967.342518,3307.417534,188.600505
2023-05-08,16229.228031,14759.52537,109.269392,18615.057455,11136.431994,10007.903087,2135.190146,11036.875544,3326.45904,189.893985
2023-05-09,16200.87463,14776.023907,109.218059,18653.510476,11133.834797,9998.277172,2135.106214,11045.41343,3320.821967,189.435956
2023-05-10,16143.846937,14698.020149,109.611311,18557.684483,11096.178436,9967.550337,2119.913887,10990.924274,3303.291836,189.163477
2023-05-11,16123.24833,14776.021946,109.856255,18481.324142,11097.258544,9899.240371,2126.441015,10948.82672,3309.293499,191.896172
2023-05-12,16239.40712,14844.474527,109.355458,18484.313027,11087.87896,9858.184892,2133.37547,10869.880853,3326.486182,191.887998
2023-05-13,16239.418391,14844.468591,109.363403,18495.452399,11090.359664,9867.105761,2133.374617,10870.664552,3326.486343,191.8878
2023-05-14,16007.214956,14750.024301,108.595288,18364.508499,11018.277089,9803.664039,2119.770166,10880.383329,3293.146806,190.667074
2023-05-15,16093.104725,14800.522647,108.78716,18537.241189,11075.856195,9917.814142,2128.773084,10989.782571,3290.828883,185.586186
2023-05-16,16180.626251,14892.017357,109.154022,18590.598298,11110.949971,9911.809067,2134.258238,11049.400495,3311.354909,185.016724
2023-05-17,16122.278893,14875.720411,108.093391,18568.376261,11078.944107,9900.171447,2125.524681,11045.750143,3287.447665,186.529183
2023-05-18,16079.600092,14923.01573,107.65007,18521.995091,11070.224662,9890.961206,2120.918968,11055.42159,3289.537773,185.60939